<application>
  <component name="Translation.Cache">
    <option name="lastTrimTime" value="1706665543063" />
  </component>
  <component name="Translation.States">
    <option name="newTranslationDialogHeight" value="260" />
    <option name="newTranslationDialogWidth" value="520" />
    <option name="newTranslationDialogX" value="794" />
    <option name="newTranslationDialogY" value="485" />
    <histories>
      <item value="estrategia de listagem de produtos verificando a quantidade em estoque " />
      <item value="estrategia de listagem de produtos verificando a quani" />
      <item value="estrategia de listagem de produtos verificando " />
      <item value="estrategia de listagem de produtos " />
      <item value="estre" />
      <item value="estratégia de listagem de produtos" />
      <item value="estrategia de listagem de produtos" />
      <item value="listar produtos em estoque" />
      <item value="listar produtos em stoque" />
      <item value="listar produtos em s" />
      <item value="listar produtos em " />
      <item value="iniciar local" />
      <item value="using db on host" />
      <item value="usando o banco de dados no host" />
      <item value="usando o banco de dados " />
      <item value="usando o banco de da" />
      <item value="usando" />
      <item value="conteinerizando a aplicaçaõ" />
      <item value="containerizando a aplicaçaõ" />
      <item value="con" />
      <item value="stock quantity" />
      <item value="stock qua" />
      <item value="stock" />
      <item value="quantity in stock" />
      <item value="quantidade em estoque" />
      <item value="quantidade em estoq" />
      <item value="quantidade em " />
      <item value="quantida" />
      <item value="Server using Eureka Server for discovery service" />
      <item value="token jwt não foi enviado no cabeçalho authorization" />
      <item value="token jwt não foi enviado no cabeçalho au" />
      <item value="token jwt não foi enviado no cabeçalho " />
      <item value="token jwt não foi enviado no cabeçalho j" />
      <item value="token jwt não foi enviado no cabe" />
      <item value="token jwt n" />
      <item value="token jw" />
      <item value="token " />
      <item value="recuperar token" />
      <item value="recuperar " />
      <item value="re" />
      <item value="rew" />
      <item value="token jwt" />
      <item value="exceção na criação do token jwt" />
      <item value="exceção na criação do token j" />
      <item value="exceção na criação do token" />
      <item value="exceção na criação d token" />
      <item value="exceção na criação de token" />
      <item value="exceção ao criar token" />
      <item value="exc" />
      <item value="exe" />
    </histories>
    <option name="languageScores">
      <map>
        <entry key="ENGLISH" value="21" />
        <entry key="PORTUGUESE" value="43" />
      </map>
    </option>
  </component>
</application>